endpoint,mode,requests,concurrency,req_per_s,mean_ms,p50_ms,p95_ms,p99_ms,max_ms,failed,non2xx
Q1 월별 통행량,원본 조회,300,20,105.23,190.069,181.0,232.0,287.0,292.0,0,0
Q1 월별 통행량,집계 테이블,300,20,1604.66,12.464,9.0,46.0,71.0,99.0,0,0
Q1 월별 통행량,집계 + Redis 캐시,300,20,1413.55,14.149,12.0,27.0,35.0,64.0,0,0
Q2 일별 평균 속도,원본 조회,300,20,8.67,2307.726,2313.0,2626.0,2675.0,2951.0,0,0
Q2 일별 평균 속도,집계 테이블,300,20,1074.74,18.609,13.0,35.0,139.0,139.0,0,0
Q2 일별 평균 속도,집계 + Redis 캐시,300,20,1599.8,12.502,11.0,20.0,30.0,32.0,0,0
Q4 지역 순위,원본 조회,300,20,3.74,5348.21,5527.0,6576.0,7501.0,8552.0,0,0
Q4 지역 순위,집계 테이블,300,20,584.8,34.2,24.0,71.0,100.0,142.0,0,0
Q4 지역 순위,집계 + Redis 캐시,300,20,1412.67,14.158,10.0,52.0,59.0,66.0,0,0
